scope,venue,metric,bucket,n,mean,std,min,p01,p05,p10,p25,p50,p75,p90,p95,p99,max
raw,binance,slice_sum5,非倒挂,1241518,872.0487424873496,1620.8338512097848,64.64555,124.2839644,173.94432700000002,220.64539000000002,337.62005,541.27464,887.2397525,1539.25288,2397.7062279999996,6384.8788,117370.66364
raw,binance,slice_sum5,倒挂,485992,1370.4311359201388,13584.605441915826,67.01977,124.23389999999999,180.12078000000002,228.64033100000003,338.39688,535.02328,913.10351,1544.0142570000012,2334.563925499999,7360.782978199916,550083.5979800001
raw,bybit5,slice_sum5,非倒挂,1241303,823.9858429221474,1498.4564206712519,46.314840000000004,146.89903220000002,224.33874500000002,285.01892,410.887115,604.79839,898.191775,1362.5822760000003,1843.0421649999996,4210.816797799996,108397.90594
raw,bybit5,slice_sum5,倒挂,485974,668.0986945155913,747.0751893405841,54.65142,155.52510909999998,223.77060049999997,266.854683,358.584035,502.05337999999995,730.3882900000001,1087.0860529999998,1496.9697399999998,3921.28776100001,53936.467130000005
