scope,venue,metric,bucket,n,mean,std,min,p01,p05,p10,p25,p50,p75,p90,p95,p99,max
merged,bn,bn_sum5,非倒挂,871950,886.9405952243131,1662.377794147778,64.64555,126.63059,179.80072049999998,228.66087900000002,347.82393,554.70735,909.0616799999999,1566.39881,2409.7289894999967,6230.5036,117370.66364
merged,by,by_sum5,非倒挂,871950,837.7382640509892,1607.4120801757642,46.314840000000004,147.32064549999998,226.40954,288.7187,416.41754,612.51188,907.56628,1376.82719,1864.5785600000002,4273.9156318000005,108397.90594
merged,bn+by_align100ms,all_sum5,非倒挂,871950,1724.6788592753032,2345.437972976837,170.54358,426.22105170000003,582.70776,689.626235,915.5826924999999,1268.2111400000001,1843.2093725,2836.6971579999995,3946.9354324999995,8951.765112199999,118113.78576
merged,bn,bn_sum5,倒挂,315593,1523.8138533230458,15200.379982996434,76.45755,126.99028360000001,186.756616,237.620808,352.00388,556.95654,942.5458000000001,1605.8709479999993,2422.3906279999865,8143.327115200016,550083.5979800001
merged,by,by_sum5,倒挂,315593,687.1320040353874,758.5365981458585,54.65142,158.3833864,228.12277999999998,273.03,368.9884,520.14516,759.11892,1118.9909900000002,1513.7086719999998,3921.66685,53936.467130000005
merged,bn+by_align100ms,all_sum5,倒挂,315593,2210.945857358434,15218.656997553837,195.63085,435.12782,570.151432,663.062146,863.0367899999999,1189.20374,1716.10872,2584.750264,3776.9307259999946,9763.611012800013,550419.05668
